CDU_ID,GEO_CODE,GEO_LABEL,Deprivation,Households_not_deprived,Total_methods_travel ,Work_from_home,Public_transport,Car_or_van,Other_travel
9937,E02000001,City of London 001,4385,1973,4785,701,1405,135,2544
9938,E02000002,Barking and Dagenham 001,2713,734,2484,159,959,1076,290
9939,E02000003,Barking and Dagenham 002,3834,1335,4539,313,1963,1778,485
9940,E02000004,Barking and Dagenham 003,2318,857,2858,182,968,1322,386
9941,E02000005,Barking and Dagenham 004,3183,953,3595,226,1430,1503,436
9942,E02000007,Barking and Dagenham 006,3441,909,3322,180,1424,1310,408
9943,E02000008,Barking and Dagenham 007,4591,1189,4558,250,1900,1853,555
9944,E02000009,Barking and Dagenham 008,3212,909,3499,225,1550,1358,366
9945,E02000010,Barking and Dagenham 009,3292,848,3435,175,1564,1300,396
9946,E02000011,Barking and Dagenham 010,2289,770,2781,191,1265,986,339
9947,E02000012,Barking and Dagenham 011,3258,1221,4266,316,1935,1563,452
9948,E02000013,Barking and Dagenham 012,3125,836,3317,186,1433,1298,400
9949,E02000014,Barking and Dagenham 013,3531,892,3797,224,1714,1356,503
9950,E02000015,Barking and Dagenham 014,3170,767,2892,158,1317,1032,385
9951,E02000016,Barking and Dagenham 015,2934,668,3253,188,2130,614,321
9952,E02000017,Barking and Dagenham 016,2729,839,3761,268,2038,1030,425
9953,E02000018,Barking and Dagenham 017,3326,854,3433,202,1595,1273,363
9954,E02000019,Barking and Dagenham 018,3010,877,3445,180,1495,1325,445
9955,E02000020,Barking and Dagenham 019,3460,965,3651,264,1802,1148,437
9956,E02000021,Barking and Dagenham 020,2949,872,3329,235,1400,1264,430
9957,E02000022,Barking and Dagenham 021,3261,670,3009,218,1736,711,344
9958,E02000023,Barking and Dagenham 022,2431,617,2409,178,1188,788,255
9959,E02000024,Barnet 001,4110,2193,5238,773,1788,1954,723
9960,E02000025,Barnet 002,3622,1652,4090,488,1487,1701,414
9961,E02000026,Barnet 003,2496,1242,3050,346,986,1438,280
9962,E02000027,Barnet 004,3705,1393,4206,410,1421,1832,543
9963,E02000028,Barnet 005,2473,1264,3216,433,1142,1343,298
9964,E02000029,Barnet 006,3513,1566,4214,402,1543,1804,465
9965,E02000030,Barnet 007,3410,1716,4221,733,1126,2015,347
9966,E02000031,Barnet 008,2817,1428,3548,513,1495,1229,311
9967,E02000032,Barnet 009,2742,1375,3838,423,1346,1700,369
9968,E02000033,Barnet 010,3317,1391,4082,419,1637,1637,389
9969,E02000034,Barnet 011,3403,1561,4217,506,1566,1683,462
9970,E02000035,Barnet 012,3381,1539,4103,577,1894,1257,375
9971,E02000036,Barnet 013,3942,1671,4980,587,1749,2196,448
9972,E02000037,Barnet 014,3397,1493,4441,628,1364,2016,433
9973,E02000038,Barnet 015,4049,1913,5358,599,2384,1829,546
9974,E02000039,Barnet 016,2485,1333,3360,571,1128,1362,299
9975,E02000040,Barnet 017,2649,1146,3170,461,1090,1198,421
9976,E02000041,Barnet 018,3120,1216,4158,512,1662,1489,495
9977,E02000042,Barnet 019,4421,1900,5573,615,2738,1525,695
9978,E02000043,Barnet 020,2693,1505,3787,531,1711,1191,354
9979,E02000044,Barnet 021,2862,975,3631,319,1633,1307,372
9980,E02000045,Barnet 022,4168,1682,5106,525,2415,1582,584
9981,E02000046,Barnet 023,2860,1307,3968,458,2168,929,413
9982,E02000047,Barnet 024,4036,1106,4977,406,2412,1618,541
9983,E02000048,Barnet 025,3784,1937,4888,721,1778,1967,422
9984,E02000049,Barnet 026,3028,737,3222,239,1576,1053,354
9985,E02000050,Barnet 027,3853,1598,5016,473,2359,1554,630
9986,E02000051,Barnet 028,3537,1621,4331,757,1812,1334,428
9987,E02000052,Barnet 029,4163,2003,5470,545,3070,1253,602
9988,E02000053,Barnet 030,3244,909,4170,334,2115,1226,495
9989,E02000054,Barnet 031,2774,1139,3646,453,1523,1255,415
9990,E02000055,Barnet 032,4179,1612,5327,682,2444,1503,698
9991,E02000056,Barnet 033,3390,2087,4464,943,1603,1481,437
9992,E02000057,Barnet 034,2460,1061,3437,466,1396,1086,489
9993,E02000058,Barnet 035,3961,2015,5039,891,2236,1387,525
9994,E02000059,Barnet 036,3990,1131,4983,429,2280,1613,661
9995,E02000060,Barnet 037,3400,1428,4601,759,1937,1220,685
9996,E02000061,Barnet 038,3172,1436,4227,715,2279,860,373
9997,E02000062,Barnet 039,2357,679,2976,273,1505,761,437
9998,E02000063,Barnet 040,2503,930,3246,331,1661,900,354
9999,E02000064,Barnet 041,2450,874,2895,365,1550,652,328
10000,E02000065,Bexley 001,2728,1059,3280,305,1670,1058,247
10001,E02000066,Bexley 002,3795,1144,4046,276,2081,1310,379
10002,E02000067,Bexley 003,3580,1267,4080,275,1622,1704,479
10003,E02000068,Bexley 004,3041,1047,3274,233,1372,1269,400
10004,E02000069,Bexley 005,2495,935,2804,211,895,1352,346
10005,E02000070,Bexley 006,3177,1285,3822,294,1215,1882,431
10006,E02000071,Bexley 007,2782,1142,3550,224,1065,1771,490
10007,E02000072,Bexley 008,4722,1382,4696,299,1820,1955,622
10008,E02000073,Bexley 009,3968,1811,5150,363,1714,2525,548
10009,E02000074,Bexley 010,3185,1012,3382,218,1050,1659,455
10010,E02000075,Bexley 011,3172,1421,3951,342,1296,1835,478
10011,E02000077,Bexley 013,2870,1181,3894,277,1401,1746,470
10012,E02000078,Bexley 014,3036,1428,4019,267,1338,1981,433
10013,E02000079,Bexley 015,3267,1502,3938,364,1520,1528,526
10014,E02000080,Bexley 016,3702,1509,4591,360,1685,2027,519
10015,E02000081,Bexley 017,3106,1246,3530,289,1141,1621,479
10016,E02000082,Bexley 018,3356,1579,4633,349,1580,2209,495
10017,E02000083,Bexley 019,3985,1635,4628,348,1443,2271,566
10018,E02000084,Bexley 020,4209,2051,5456,511,1717,2589,639
10019,E02000085,Bexley 021,3084,1382,4027,311,1201,1988,527
10020,E02000086,Bexley 022,2789,1380,3833,289,1162,1900,482
10021,E02000087,Bexley 023,3142,1626,3714,388,1295,1651,380
10022,E02000088,Bexley 024,2984,1424,3968,317,1333,1872,446
10023,E02000089,Bexley 025,2899,1447,3843,329,1331,1747,436
10024,E02000090,Bexley 026,3962,1815,4284,376,1811,1559,538
10025,E02000091,Bexley 027,4279,1841,4508,461,1667,1787,593
10026,E02000092,Bexley 028,2722,956,2809,215,846,1391,357
10027,E02000093,Brent 001,3408,1215,5240,383,2346,1967,544
10028,E02000094,Brent 002,2738,949,4108,324,1760,1570,454
10029,E02000095,Brent 003,3117,1018,4609,383,2161,1636,429
10030,E02000096,Brent 004,2518,1119,3825,474,1553,1478,320
10031,E02000097,Brent 005,2926,946,4103,319,1725,1667,392
10032,E02000098,Brent 006,2652,959,3725,391,1792,1266,276
10033,E02000099,Brent 007,2782,976,4094,381,2190,1203,320
10034,E02000100,Brent 008,2696,1122,4223,415,1549,1560,699
10035,E02000101,Brent 009,3312,991,3971,362,1975,1254,380
10036,E02000102,Brent 010,2496,584,3161,218,1492,1045,406
10037,E02000103,Brent 011,2994,890,3647,342,1711,1168,426
10038,E02000104,Brent 012,2213,729,3114,285,1470,994,365
10039,E02000105,Brent 013,2997,877,4349,361,2267,1349,372
10040,E02000106,Brent 014,3449,886,4515,318,2449,1196,552
10041,E02000107,Brent 015,4107,1339,5721,552,3538,974,657
10042,E02000108,Brent 016,2147,654,3107,261,1635,943,268
10043,E02000109,Brent 017,3264,959,4714,334,2502,1324,554
10044,E02000110,Brent 018,2969,1099,4359,384,2569,848,558
10045,E02000111,Brent 019,2914,713,4747,385,2438,1268,656
10046,E02000112,Brent 020,2892,738,4735,314,2628,1129,664
10047,E02000113,Brent 021,3306,635,3411,228,1625,1085,473
10048,E02000114,Brent 022,3528,1142,4969,388,3163,842,576
10049,E02000115,Brent 023,3911,1369,4749,468,3016,683,582
10050,E02000116,Brent 024,3072,686,3778,292,2417,609,460
10051,E02000117,Brent 025,4557,952,4591,302,2476,1099,714
10052,E02000118,Brent 026,2849,660,4449,288,1971,1371,819
10053,E02000119,Brent 027,2597,576,2533,185,1293,725,330
10054,E02000120,Brent 028,4277,1623,5513,566,3414,634,899
10055,E02000121,Brent 029,2623,644,4452,313,2176,1118,845
10056,E02000122,Brent 030,3047,1303,4187,607,2069,869,642
10057,E02000123,Brent 031,5884,1354,6608,594,3805,1202,1007
10058,E02000124,Brent 032,4334,1887,5883,726,3400,752,1005
10059,E02000125,Brent 033,4329,1751,5889,672,3152,1072,993
10060,E02000126,Brent 034,3381,740,3213,243,1977,503,490
10061,E02000127,Bromley 001,3675,1217,3659,280,1501,1490,388
10062,E02000128,Bromley 002,3006,1522,3748,394,1365,1547,442
10063,E02000130,Bromley 004,3464,1624,4224,443,2234,1046,501
10064,E02000131,Bromley 005,4589,1975,4993,456,3088,899,550
10065,E02000132,Bromley 006,4668,2383,4910,392,2873,1237,408
10066,E02000133,Bromley 007,3961,2403,4692,699,2115,1592,286
10067,E02000134,Bromley 008,5106,2538,5821,561,2759,1621,880
10068,E02000135,Bromley 009,4402,1369,4236,314,2314,1059,549
10069,E02000136,Bromley 010,2207,926,2367,299,717,1129,222
10070,E02000137,Bromley 011,3637,2036,4134,449,1889,1352,444
10071,E02000138,Bromley 012,4057,2314,4285,495,2146,1272,372
10072,E02000139,Bromley 013,3202,1696,4119,385,2132,1176,426
10073,E02000140,Bromley 014,3301,1009,3232,233,1064,1470,465
10074,E02000141,Bromley 015,3055,1453,3685,304,1801,1138,442
10075,E02000142,Bromley 016,3283,1857,4184,505,1656,1393,630
10076,E02000144,Bromley 018,3831,2065,4751,498,2201,1336,716
10077,E02000145,Bromley 019,3376,1117,3317,275,1151,1440,451
10078,E02000146,Bromley 020,3508,1822,4335,453,1797,1518,567
10079,E02000147,Bromley 021,3183,1812,3780,485,1365,1540,390
10080,E02000148,Bromley 022,2633,1427,3139,404,1287,1167,281
10081,E02000149,Bromley 023,3249,1252,3608,287,1236,1648,437
10082,E02000150,Bromley 024,3109,1648,4078,411,1508,1734,425
10083,E02000151,Bromley 025,2994,1682,3580,390,1606,1257,327
10084,E02000152,Bromley 026,2623,1008,2896,241,976,1325,354
10085,E02000153,Bromley 027,2860,1584,3871,434,1345,1662,430
10086,E02000154,Bromley 028,3293,1658,4005,443,1563,1506,493
10087,E02000155,Bromley 029,3057,1174,3241,272,1028,1522,419
10088,E02000156,Bromley 030,4756,2501,5862,703,2075,2393,691
10089,E02000157,Bromley 031,3300,1734,3714,374,1430,1514,396
10090,E02000158,Bromley 032,2952,1254,3130,284,1066,1407,373
10091,E02000159,Bromley 033,2749,1469,3223,487,930,1491,315
10092,E02000160,Bromley 034,2968,1584,3909,520,1207,1779,403
10093,E02000161,Bromley 035,3369,1847,4198,395,1595,1770,438
10094,E02000162,Bromley 036,2889,1262,3072,326,854,1473,419
10095,E02000163,Bromley 037,3072,1667,3818,512,1265,1683,358
10096,E02000165,Bromley 039,2691,1424,3953,491,716,2379,367
10097,E02000166,Camden 001,3537,1599,3987,713,1828,562,884
10098,E02000167,Camden 002,3629,2059,4398,979,2148,545,726
10099,E02000168,Camden 003,3535,1553,4502,713,2332,381,1076
10100,E02000169,Camden 004,2942,1730,3705,794,1812,591,508
10101,E02000170,Camden 005,3685,1664,5023,580,3172,594,677
10102,E02000171,Camden 006,3502,1574,4272,664,2207,439,962
10103,E02000172,Camden 007,4186,1089,4247,469,2131,436,1211
10104,E02000173,Camden 008,3569,1668,4375,713,2451,407,804
10105,E02000174,Camden 009,3822,1330,4629,539,2575,370,1145
10106,E02000175,Camden 010,4277,1832,5525,483,3911,490,641
10107,E02000176,Camden 011,3261,1696,3976,623,2400,331,622
10108,E02000177,Camden 012,3865,1257,4128,438,2289,405,996
10109,E02000178,Camden 013,4280,1448,4905,431,3332,475,667
10110,E02000179,Camden 014,2870,1262,3091,465,1688,347,591
10111,E02000180,Camden 015,3394,1232,4025,534,2035,330,1126
10112,E02000181,Camden 016,3657,1953,4855,527,3253,437,638
10113,E02000182,Camden 017,2963,1254,3141,498,1846,336,461
10114,E02000183,Camden 018,3881,1618,4300,775,1828,437,1260
10115,E02000184,Camden 019,3655,1089,3993,442,2164,341,1046
10116,E02000185,Camden 020,3938,1045,3776,428,2313,407,628
10117,E02000186,Camden 021,3099,1036,3631,544,1710,246,1131
10118,E02000187,Camden 022,3290,668,2912,252,1459,259,942
10119,E02000188,Camden 023,3170,741,2983,227,1530,243,983
10120,E02000189,Camden 024,2253,525,2211,264,969,112,866
10121,E02000190,Camden 025,3181,817,2828,358,1153,145,1172
10122,E02000191,Camden 026,2868,941,3114,404,1187,149,1374
10123,E02000192,Camden 027,3375,1010,3484,408,1221,159,1696
10124,E02000193,Camden 028,3850,1285,4152,628,1549,159,1816
10125,E02000194,Croydon 001,4099,1808,4584,487,2441,1141,515
10126,E02000195,Croydon 002,3446,1554,4482,452,1933,1616,481
10127,E02000196,Croydon 003,2553,928,3402,295,1675,1068,364
10128,E02000197,Croydon 004,3403,1293,4162,345,2165,1228,424
10129,E02000198,Croydon 005,3338,1183,3645,281,1846,1125,393
10130,E02000199,Croydon 006,3172,1337,3944,325,2013,1192,414
10131,E02000200,Croydon 007,3811,1469,4072,331,2241,1122,378
10132,E02000201,Croydon 008,3814,1192,3767,338,2050,1026,353
10133,E02000202,Croydon 009,2981,1083,3972,290,1952,1251,479
10134,E02000203,Croydon 010,3062,951,3498,269,1846,944,439
10135,E02000204,Croydon 011,3146,1083,4125,314,1972,1299,540
10136,E02000206,Croydon 013,4009,1241,4169,306,2136,1181,546
10137,E02000207,Croydon 014,3592,1306,4056,326,1952,1287,491
10138,E02000208,Croydon 015,3821,1097,4180,330,1943,1120,787
10139,E02000209,Croydon 016,2919,992,3710,251,1641,1289,529
10140,E02000210,Croydon 017,3371,1549,4341,320,2113,1265,643
10141,E02000211,Croydon 018,3279,1555,4174,403,1321,2039,411
10142,E02000212,Croydon 019,2977,907,3749,289,1654,1014,792
10143,E02000213,Croydon 020,4160,1097,4276,377,2205,855,839
10144,E02000214,Croydon 021,2321,1144,3235,321,1433,1057,424
10145,E02000215,Croydon 022,4991,1968,5738,485,3290,1074,889
10146,E02000216,Croydon 023,3028,1539,3298,342,1830,727,399
10147,E02000217,Croydon 024,4273,1540,5034,402,2405,1238,989
10148,E02000218,Croydon 025,2369,937,2863,264,1153,1185,261
10149,E02000219,Croydon 026,2999,1473,3816,468,1319,1671,358
10150,E02000220,Croydon 027,4847,1826,5587,436,2847,1199,1105
10151,E02000221,Croydon 028,3866,1468,4404,334,1713,1644,713
10152,E02000222,Croydon 029,3539,1764,4378,378,2117,1311,572
10153,E02000223,Croydon 030,2875,660,2779,122,1248,1044,365
10154,E02000224,Croydon 031,3309,1563,4206,385,1999,1388,434
10155,E02000225,Croydon 032,2708,813,3261,211,1145,1476,429
10156,E02000226,Croydon 033,2796,1489,3849,478,1257,1751,363
10157,E02000227,Croydon 034,4851,2268,5894,475,1914,2958,547
10158,E02000228,Croydon 035,2924,1700,3718,500,1260,1649,309
10159,E02000229,Croydon 036,2413,592,2403,153,851,1058,341
10160,E02000230,Croydon 037,4004,2063,5042,594,2292,1717,439
10161,E02000231,Croydon 038,2543,1508,3801,596,1217,1715,273
10162,E02000232,Croydon 039,2324,1088,2954,387,764,1496,307
10163,E02000233,Croydon 040,2391,1246,2982,331,1137,1246,268
10164,E02000234,Croydon 041,3161,1549,3999,432,1449,1736,382
10165,E02000235,Croydon 042,2694,1477,3536,401,1204,1633,298
10166,E02000236,Croydon 043,2838,1558,3930,424,1175,1963,368
10167,E02000237,Croydon 044,3090,1404,3472,390,921,1808,353
10168,E02000238,Ealing 001,3179,1093,4711,332,1986,1896,497
10169,E02000239,Ealing 002,2924,1111,4725,346,2162,1797,420
10170,E02000240,Ealing 003,3770,1113,4430,342,1928,1741,419
10171,E02000241,Ealing 004,2366,873,3346,270,1467,1307,302
10172,E02000242,Ealing 005,2151,683,3326,272,1363,1175,516
10173,E02000243,Ealing 006,3068,1015,4190,361,1800,1611,418
10174,E02000244,Ealing 007,2658,1017,3758,352,1626,1327,453
10175,E02000245,Ealing 008,3210,776,3357,210,1377,1451,319
10176,E02000246,Ealing 009,3071,788,3507,253,1248,1702,304
10177,E02000247,Ealing 010,3755,1121,4488,364,1734,1932,458
10178,E02000248,Ealing 011,2902,1169,3846,396,1914,1026,510
10179,E02000249,Ealing 012,2739,845,3658,313,1535,1396,414
10180,E02000250,Ealing 013,2541,1505,3364,507,1430,996,431
10181,E02000251,Ealing 014,2442,809,3856,293,1422,1754,387
10182,E02000252,Ealing 015,3717,993,4922,352,2826,1008,736
10183,E02000253,Ealing 016,3744,1086,4063,329,1829,1405,500
10184,E02000254,Ealing 017,2487,665,4149,257,1438,1960,494
10185,E02000255,Ealing 018,3622,1642,4478,506,2042,1384,546
10186,E02000256,Ealing 019,3782,1791,4951,648,2573,1102,628
10187,E02000257,Ealing 020,5873,2844,7581,822,4210,1650,899
10188,E02000258,Ealing 021,2544,1027,3290,338,1626,777,549
10189,E02000259,Ealing 022,2283,1081,3364,330,1447,1119,468
10190,E02000260,Ealing 023,2468,563,3745,265,1525,1421,534
10191,E02000261,Ealing 024,4110,1319,5291,461,2795,1115,920
10192,E02000262,Ealing 025,3771,1344,4723,504,2460,963,796
10193,E02000263,Ealing 026,3155,596,4819,319,2023,1707,770
10194,E02000264,Ealing 027,3205,1488,4531,526,2408,1036,561
10195,E02000265,Ealing 028,4747,1875,5904,501,3014,1490,899
10196,E02000266,Ealing 029,3711,841,4624,428,1788,1781,627
10197,E02000267,Ealing 030,2847,1285,3783,320,1792,1085,586
10198,E02000268,Ealing 031,3824,1902,5096,600,2561,1215,720
10199,E02000269,Ealing 032,3245,1873,4698,542,2453,1071,632
10200,E02000270,Ealing 033,3331,918,3478,304,1892,721,561
10201,E02000271,Ealing 034,2871,1721,3832,541,1864,798,629
10202,E02000272,Ealing 035,2579,1392,3649,357,1692,1110,490
10203,E02000274,Ealing 037,3557,682,5331,369,2252,1980,730
10204,E02000275,Ealing 038,2131,524,3078,294,969,1360,455
10205,E02000276,Ealing 039,2634,1427,3852,387,2080,903,482
10206,E02000277,Enfield 001,2651,886,3164,195,954,1618,397
10207,E02000278,Enfield 002,3278,818,3266,235,1068,1490,473
10208,E02000279,Enfield 003,4356,1361,4620,356,1800,1948,516
10209,E02000280,Enfield 004,3466,1516,4122,431,1242,1855,594
10210,E02000281,Enfield 005,3531,1265,3943,310,1131,1929,573
10211,E02000282,Enfield 006,3491,846,3275,225,1171,1463,416
10212,E02000283,Enfield 007,2843,861,3424,244,1017,1708,455
10213,E02000284,Enfield 008,3497,1637,4221,408,1600,1586,627
10214,E02000285,Enfield 009,2466,1222,3282,288,839,1595,560
10215,E02000286,Enfield 010,3863,1874,4316,430,1628,1703,555
10216,E02000287,Enfield 011,2540,1248,3058,508,932,1390,228
10217,E02000288,Enfield 012,3784,1015,4186,299,1545,1742,600
10218,E02000289,Enfield 013,2421,1186,3075,351,965,1483,276
10219,E02000290,Enfield 014,2853,639,2634,183,1083,1026,342
10220,E02000291,Enfield 015,3998,1484,4193,355,1670,1599,569
10221,E02000292,Enfield 016,3578,1495,4517,371,1575,1958,613
10222,E02000293,Enfield 017,2470,1282,3046,400,951,1405,290
10223,E02000294,Enfield 018,3009,884,3535,262,1297,1582,394
10224,E02000295,Enfield 019,3347,1584,3966,470,1570,1593,333
10225,E02000296,Enfield 020,3941,1599,4613,443,2211,1535,424
10226,E02000297,Enfield 021,3482,1680,4728,484,1411,2307,526
10227,E02000298,Enfield 022,3075,1692,4151,539,1669,1582,361
10228,E02000299,Enfield 023,3438,902,3650,310,1593,1352,395
10229,E02000300,Enfield 024,2998,905,3368,252,1425,1326,365
10230,E02000301,Enfield 025,3923,932,3696,227,1699,1373,397
10231,E02000302,Enfield 026,3123,1216,3844,379,1422,1663,380
10232,E02000303,Enfield 027,3120,673,2952,258,1211,1117,366
10233,E02000304,Enfield 028,2964,1596,4124,557,1639,1566,362
10234,E02000305,Enfield 029,3481,1658,4707,506,2278,1485,438
10235,E02000306,Enfield 030,3594,681,3094,202,1576,949,367
10236,E02000307,Enfield 031,3368,1083,4194,345,1641,1799,409
10237,E02000308,Enfield 032,2908,1128,3792,389,1985,1050,368
10238,E02000309,Enfield 033,3785,944,4024,288,1867,1346,523
10239,E02000311,Enfield 035,3656,1168,4590,321,2109,1672,488
10240,E02000312,Enfield 036,4262,1662,5779,498,3217,1514,550
10241,E02000313,Greenwich 001,2575,713,2771,175,1531,787,278
10242,E02000314,Greenwich 002,4382,1643,5584,455,3071,1539,519
10243,E02000315,Greenwich 003,3440,925,3494,250,1856,1075,313
10244,E02000316,Greenwich 004,4944,1685,5682,458,3598,906,720
10245,E02000317,Greenwich 005,3200,856,3116,255,1739,719,403
10246,E02000318,Greenwich 006,3283,888,4344,364,2582,979,419
10247,E02000319,Greenwich 007,3866,1296,5057,371,3016,1081,589
10248,E02000320,Greenwich 008,2524,885,2972,194,1534,967,277
10249,E02000321,Greenwich 009,2877,777,3043,211,1722,706,404
10250,E02000323,Greenwich 011,4001,1038,4416,354,2565,997,500
10251,E02000324,Greenwich 012,2807,853,3095,254,1688,761,392
10252,E02000326,Greenwich 014,2932,1414,3644,301,2115,761,467
10253,E02000327,Greenwich 015,2357,714,2803,325,1300,568,610
10254,E02000328,Greenwich 016,3070,1480,3449,331,2075,600,443
10255,E02000329,Greenwich 017,2364,842,2851,178,1182,1122,369
10256,E02000331,Greenwich 019,3236,1153,3667,280,1870,1041,476
10257,E02000332,Greenwich 020,2958,1350,3571,367,1515,1253,436
10258,E02000333,Greenwich 021,3005,1695,3528,377,2003,657,491
10259,E02000334,Greenwich 022,2585,969,3024,253,1248,1120,403
10260,E02000335,Greenwich 023,2637,1207,3370,283,1314,1284,489
10261,E02000337,Greenwich 025,2998,988,3523,228,1578,1249,468
10262,E02000339,Greenwich 027,2502,1107,2933,286,1311,964,372
10263,E02000340,Greenwich 028,2799,1160,3061,285,1364,1065,347
10264,E02000341,Greenwich 029,3024,835,3110,211,1324,1158,417
10265,E02000342,Greenwich 030,2268,819,2671,187,1235,910,339
10266,E02000343,Greenwich 031,2699,913,2988,248,1245,1166,329
10267,E02000344,Greenwich 032,2476,1112,3189,248,1323,1263,355
10268,E02000345,Hackney 001,2693,764,3124,348,1239,521,1016
10269,E02000346,Hackney 002,2563,480,2358,174,1585,280,319
10270,E02000347,Hackney 003,2727,852,3038,346,1337,431,924
10271,E02000348,Hackney 004,2804,696,2818,263,1369,393,793
10272,E02000350,Hackney 006,3605,1315,5086,567,2583,560,1376
10273,E02000351,Hackney 007,3826,1578,5362,442,3514,448,958
10274,E02000352,Hackney 008,2810,1087,3305,363,1603,397,942
10275,E02000353,Hackney 009,3192,1364,4612,599,2270,448,1295
10276,E02000354,Hackney 010,4056,1209,4355,427,2345,454,1129
10277,E02000355,Hackney 011,3240,1122,4369,529,2141,531,1168
10278,E02000356,Hackney 012,3144,1419,4331,484,2244,386,1217
10279,E02000357,Hackney 013,2507,539,2099,127,1268,365,339
10280,E02000358,Hackney 014,4775,1619,5985,632,3256,547,1550
10281,E02000359,Hackney 015,2416,859,3127,301,1475,430,921
10282,E02000360,Hackney 016,4747,1352,5154,481,2828,524,1321
10283,E02000361,Hackney 017,3467,1067,4163,417,2263,344,1139
10284,E02000362,Hackney 018,2634,775,2828,256,1477,401,694
10285,E02000363,Hackney 019,4402,1015,4056,289,2315,561,891
10286,E02000364,Hackney 020,3899,1503,4968,632,2330,415,1591
10287,E02000365,Hackney 021,5740,2056,7546,863,3976,593,2114
10288,E02000366,Hackney 022,3690,1218,3902,401,1931,488,1082
10289,E02000367,Hackney 023,4163,1526,5546,610,2833,463,1640
10290,E02000368,Hackney 024,4028,1058,4297,361,2120,448,1368
10291,E02000369,Hackney 025,5100,1400,5694,527,3005,508,1654
10292,E02000370,Hackney 026,3768,1006,3993,334,1897,329,1433
10293,E02000371,Hackney 027,5672,1703,7101,786,3204,379,2732
10294,E02000372,Hammersmith and Fulham 001,3674,919,4161,321,2320,595,925
10295,E02000373,Hammersmith and Fulham 002,2433,477,2509,187,1458,360,504
10296,E02000374,Hammersmith and Fulham 003,2590,939,3340,305,1817,481,737
10297,E02000375,Hammersmith and Fulham 004,3230,1016,3796,354,2184,378,880
10298,E02000376,Hammersmith and Fulham 005,3152,1077,4098,374,2263,442,1019
10299,E02000377,Hammersmith and Fulham 006,3613,1364,4447,447,2451,541,1008
10300,E02000378,Hammersmith and Fulham 007,3271,1277,4043,435,2331,375,902
10301,E02000379,Hammersmith and Fulham 008,3190,1384,4043,439,2127,588,889
10302,E02000380,Hammersmith and Fulham 009,2559,1245,3338,441,1718,367,812
10303,E02000381,Hammersmith and Fulham 010,3583,1621,4517,644,2409,441,1023
10304,E02000382,Hammersmith and Fulham 011,2823,1211,3352,459,1758,384,751
10305,E02000383,Hammersmith and Fulham 012,4456,1798,5291,561,3103,501,1126
10306,E02000384,Hammersmith and Fulham 013,3256,1108,3734,371,2114,328,921
10307,E02000385,Hammersmith and Fulham 014,3094,1479,4235,360,2730,328,817
10308,E02000386,Hammersmith and Fulham 015,3585,1137,4043,342,2420,378,903
10309,E02000387,Hammersmith and Fulham 016,2841,985,3407,280,1853,355,919
10310,E02000388,Hammersmith and Fulham 017,3805,1632,4916,471,2804,457,1184
10311,E02000389,Hammersmith and Fulham 018,3452,1755,4638,531,2333,601,1173
10312,E02000390,Hammersmith and Fulham 019,2823,1272,3627,315,1978,443,891
10313,E02000391,Hammersmith and Fulham 020,3419,1703,4220,591,2287,442,900
10314,E02000392,Hammersmith and Fulham 021,4122,1965,5537,587,3277,541,1132
10315,E02000393,Hammersmith and Fulham 022,2650,1577,3788,377,2102,459,850
10316,E02000394,Hammersmith and Fulham 023,3551,1576,4086,449,2077,510,1050
10317,E02000395,Hammersmith and Fulham 024,2719,1594,3502,514,1930,406,652
10318,E02000396,Hammersmith and Fulham 025,2699,1316,3480,448,1756,429,847
10319,E02000397,Haringey 001,3376,1029,4049,372,2593,693,391
10320,E02000398,Haringey 002,2713,485,2454,191,1413,557,293
10321,E02000400,Haringey 004,3061,1181,3772,431,2169,802,370
10322,E02000401,Haringey 005,2351,523,2424,198,1201,714,311
10323,E02000402,Haringey 006,2469,558,2394,132,1373,621,268
10324,E02000403,Haringey 007,2915,987,3887,287,2562,634,404
10325,E02000404,Haringey 008,2640,687,3228,244,2021,604,359
10326,E02000405,Haringey 009,2550,1496,3611,541,1766,832,472
10327,E02000406,Haringey 010,2665,745,3244,219,2039,573,413
10328,E02000407,Haringey 011,2905,687,2938,256,1759,579,344
10329,E02000408,Haringey 012,2689,606,2835,219,1732,519,365
10330,E02000409,Haringey 013,2505,555,2602,195,1489,565,353
10331,E02000410,Haringey 014,2839,1532,3871,573,1972,815,511
10332,E02000411,Haringey 015,2695,685,3092,196,2013,555,328
10333,E02000412,Haringey 016,2873,747,3246,250,2120,427,449
10334,E02000413,Haringey 017,2945,1542,3761,574,1796,841,550
10335,E02000414,Haringey 018,2562,811,3378,285,2027,601,465
10336,E02000415,Haringey 019,2697,826,3492,275,2278,544,395
10337,E02000416,Haringey 020,3463,1179,3889,368,2244,699,578
10338,E02000417,Haringey 021,2852,1506,3936,600,2103,685,548
10339,E02000418,Haringey 022,2235,1313,3079,475,1429,646,529
10340,E02000419,Haringey 023,3323,1085,4468,360,2865,584,659
10341,E02000420,Haringey 024,3050,773,3422,284,2177,509,452
10342,E02000421,Haringey 025,2875,701,3094,204,2167,394,329
10343,E02000422,Haringey 026,2926,779,3437,246,2210,543,438
10344,E02000423,Haringey 027,2516,813,3703,271,2425,459,548
10345,E02000424,Haringey 028,3088,1471,4125,477,2352,605,691
10346,E02000425,Haringey 029,2116,569,2739,256,1343,595,545
10347,E02000426,Haringey 030,2882,1526,3696,626,1847,733,490
10348,E02000427,Haringey 031,2829,1060,3993,311,2671,437,574
10349,E02000428,Haringey 032,2758,734,3129,307,1896,494,432
10350,E02000429,Haringey 033,3207,1853,4178,640,2187,691,660
10351,E02000430,Haringey 034,3462,1779,4845,621,2786,663,775
10352,E02000431,Haringey 035,3133,1667,4340,554,2630,510,646
10353,E02000432,Haringey 036,2879,1293,3933,411,2508,409,605
10354,E02000433,Harrow 001,3309,1457,3617,685,1155,1548,229
10355,E02000434,Harrow 002,3138,1348,4161,630,1567,1597,367
10356,E02000435,Harrow 003,2728,1105,3314,400,1029,1593,292
10357,E02000436,Harrow 004,2080,1123,2911,493,830,1425,163
10358,E02000437,Harrow 005,3082,1274,3949,395,1309,1840,405
10359,E02000438,Harrow 006,2990,1179,3539,383,1238,1579,339
10360,E02000439,Harrow 007,2711,932,3919,317,1717,1446,439
10361,E02000440,Harrow 008,3087,1547,4695,514,1553,2259,369
10362,E02000441,Harrow 009,2765,1214,3106,400,1141,1320,245
10363,E02000442,Harrow 010,2532,875,4183,331,1837,1587,428
10364,E02000443,Harrow 011,3203,1014,4169,298,1695,1617,559
10365,E02000444,Harrow 012,2682,1071,3998,314,1559,1767,358
10366,E02000445,Harrow 013,3616,1207,4723,368,2054,1653,648
10367,E02000447,Harrow 015,2453,1102,3476,390,1178,1557,351
10368,E02000448,Harrow 016,2730,1502,3263,498,1240,1214,311
10369,E02000449,Harrow 017,2531,719,3930,323,1652,1536,419
10370,E02000451,Harrow 019,2341,1250,3272,407,1248,1338,279
10371,E02000452,Harrow 020,3039,1232,4412,350,2214,1140,708
10372,E02000453,Harrow 021,2800,1215,3904,382,1774,1288,460
10373,E02000454,Harrow 022,2550,1496,3480,444,1209,1565,262
10374,E02000455,Harrow 023,3306,1385,4204,419,2160,1077,548
10375,E02000456,Harrow 024,2512,1132,3565,311,1642,1179,433
10376,E02000457,Harrow 025,2200,1038,2984,352,1193,1158,281
10377,E02000459,Harrow 027,3159,1053,3840,366,1757,1317,400
10378,E02000460,Harrow 028,2189,739,2784,205,1182,1137,260
10379,E02000461,Harrow 029,2556,1409,3462,429,1419,1134,480
10380,E02000462,Harrow 030,2210,781,3073,293,1330,1168,282
10381,E02000463,Harrow 031,2788,961,3771,302,1313,1797,359
10382,E02000464,Havering 001,2597,730,2659,196,780,1368,315
10383,E02000465,Havering 002,3256,992,3432,203,1150,1668,411
10384,E02000466,Havering 003,3235,1148,3689,289,1034,1966,400
10385,E02000467,Havering 004,4087,1044,3851,191,1266,1775,619
10386,E02000468,Havering 005,3099,1119,3647,282,1040,1886,439
10387,E02000469,Havering 006,2664,777,2688,172,818,1350,348
10388,E02000470,Havering 007,3487,1449,3928,321,1433,1794,380
10389,E02000471,Havering 008,2961,1261,3586,350,966,1849,421
10390,E02000472,Havering 009,3544,1437,4451,336,1303,2233,579
10391,E02000473,Havering 010,3841,1771,4889,402,1642,2355,490
10392,E02000474,Havering 011,3514,1295,3952,249,1262,1876,565
10393,E02000475,Havering 012,3933,1968,4721,443,1902,1880,496
10394,E02000476,Havering 013,4023,1454,4206,313,1839,1301,753
10395,E02000477,Havering 014,3725,1788,4810,366,1699,2153,592
10396,E02000478,Havering 015,2156,1028,2858,393,762,1488,215
10397,E02000479,Havering 016,3529,1487,4285,298,1661,1604,722
10398,E02000480,Havering 017,3872,1515,4824,310,1633,1983,898
10399,E02000481,Havering 018,3254,1341,3595,322,1250,1685,338
10400,E02000482,Havering 019,2546,1326,2985,322,1259,1119,285
10401,E02000483,Havering 020,3423,1338,3727,301,1340,1627,459
10402,E02000484,Havering 021,3180,1398,4309,315,1360,2061,573
10403,E02000485,Havering 022,3375,1536,3974,322,1689,1553,410
10404,E02000486,Havering 023,3039,1286,3741,246,1553,1548,394
10405,E02000487,Havering 024,2970,1604,3774,460,1360,1568,386
10406,E02000488,Havering 025,2967,1287,3786,263,1475,1626,422
10407,E02000489,Havering 026,3155,1165,3774,259,1540,1587,388
10408,E02000490,Havering 027,3169,1085,3615,227,1235,1797,356
10409,E02000491,Havering 028,3603,1138,3864,268,1164,1963,469
10410,E02000492,Havering 029,2524,943,3020,222,833,1644,321
10411,E02000493,Havering 030,2471,857,2911,193,983,1393,342
10412,E02000494,Hillingdon 001,3115,1704,3645,618,1119,1611,297
10413,E02000495,Hillingdon 002,4141,1947,4785,549,1741,2043,452
10414,E02000496,Hillingdon 003,3008,1272,3747,511,475,2237,524
10415,E02000497,Hillingdon 004,3440,1650,4214,429,1336,2067,382
10416,E02000498,Hillingdon 005,2561,1187,3026,300,667,1738,321
10417,E02000499,Hillingdon 006,3001,1563,3874,401,1325,1782,366
10418,E02000500,Hillingdon 007,3093,1648,4032,475,1205,1968,384
10419,E02000501,Hillingdon 008,3163,1593,4261,406,1310,2130,415
10420,E02000502,Hillingdon 009,3097,1605,4060,361,1369,1883,447
10421,E02000503,Hillingdon 010,3235,1708,5107,384,1451,2429,843
10422,E02000504,Hillingdon 011,2891,1561,3614,389,829,2045,351
10423,E02000506,Hillingdon 013,2725,1421,3819,499,771,2133,416
10424,E02000507,Hillingdon 014,2756,1252,4019,296,895,2367,461
10425,E02000508,Hillingdon 015,3075,1306,4082,384,1156,1745,797
10426,E02000509,Hillingdon 016,3112,1231,4185,318,1230,1668,969
10427,E02000510,Hillingdon 017,3196,1337,4213,365,940,2218,690
10428,E02000511,Hillingdon 018,3211,1224,4534,321,1009,2746,458
10429,E02000512,Hillingdon 019,2968,937,3591,260,954,1911,466
10430,E02000513,Hillingdon 020,3234,935,3793,276,1111,2019,387
10431,E02000514,Hillingdon 021,3044,891,4452,305,1344,2348,455
10432,E02000515,Hillingdon 022,4303,1402,5084,352,1306,2561,865
10433,E02000516,Hillingdon 023,2764,998,3839,271,1005,2137,426
10434,E02000517,Hillingdon 024,2917,863,3687,239,1114,1923,411
10435,E02000518,Hillingdon 025,3099,976,3923,279,917,2055,672
10436,E02000519,Hillingdon 026,2890,744,3697,242,1196,1788,471
10437,E02000520,Hillingdon 027,3645,1015,4896,381,1685,2227,603
10438,E02000521,Hillingdon 028,3397,966,4386,312,1265,2300,509
10439,E02000522,Hillingdon 029,3269,1170,4019,308,1132,2041,538
10440,E02000523,Hillingdon 030,2939,894,4408,292,1572,2097,447
10441,E02000524,Hillingdon 031,2462,862,3448,284,1138,1606,420
10442,E02000525,Hillingdon 032,3142,894,4236,291,1792,1714,439
10443,E02000526,Hounslow 001,3536,2058,4807,774,2324,836,873
10444,E02000528,Hounslow 003,4770,1639,5237,486,2302,1547,902
10445,E02000529,Hounslow 004,2776,824,3813,272,1229,1882,430
10446,E02000530,Hounslow 005,2314,468,2586,169,906,1242,269
10447,E02000531,Hounslow 006,4269,1776,5555,585,2363,1621,986
10448,E02000532,Hounslow 007,4001,2142,4844,745,1986,1194,919
10449,E02000533,Hounslow 008,3835,2137,4744,710,1995,1174,865
10450,E02000534,Hounslow 009,2917,1346,4429,453,1534,1842,600
10451,E02000535,Hounslow 010,2852,876,4479,332,1544,2174,429
10452,E02000536,Hounslow 011,2925,994,4380,348,1617,1896,519
10453,E02000537,Hounslow 012,2841,1157,4567,382,2276,1468,441
10454,E02000538,Hounslow 013,2648,708,4112,272,1530,1836,474
10455,E02000539,Hounslow 014,4299,1843,5673,509,2217,1977,970
10456,E02000540,Hounslow 015,3564,1288,4761,464,2245,1397,655
10457,E02000541,Hounslow 016,2846,648,4155,297,1957,1447,454
10458,E02000542,Hounslow 017,3166,798,4561,323,2339,1389,510
10459,E02000543,Hounslow 018,4170,1264,6214,469,3374,1672,699
10460,E02000544,Hounslow 019,2793,1145,4213,343,1387,1898,585
10461,E02000545,Hounslow 020,3299,1303,3980,384,1336,1505,755
10462,E02000546,Hounslow 021,3018,888,4618,372,1859,1805,582
10463,E02000547,Hounslow 022,3547,1168,4658,300,1435,2245,678
10464,E02000548,Hounslow 023,3539,1075,4407,262,1182,2327,636
10465,E02000549,Hounslow 024,3937,1391,5429,400,1634,2640,755
10466,E02000550,Hounslow 025,3840,1260,5050,306,1808,2188,748
10467,E02000551,Hounslow 026,3294,879,3747,247,1188,1773,539
10468,E02000552,Hounslow 027,3266,1309,4371,296,1083,2437,555
10469,E02000553,Hounslow 028,2605,1018,3209,228,750,1772,459
10470,E02000554,Islington 001,4226,1370,4260,377,2461,531,891
10471,E02000555,Islington 002,3986,1559,4771,506,2793,580,892
10472,E02000556,Islington 003,4561,1662,5522,512,3396,518,1096
10473,E02000557,Islington 004,3929,1333,4249,433,2519,446,851
10474,E02000558,Islington 005,3780,893,3494,293,2110,371,720
10475,E02000559,Islington 006,3882,1678,5344,488,3412,403,1041
10476,E02000560,Islington 007,3177,1102,4069,313,2625,350,781
10477,E02000561,Islington 008,3413,1632,4352,565,2264,459,1064
10478,E02000562,Islington 009,3594,1461,4090,434,2262,397,997
10479,E02000563,Islington 010,3652,1127,4017,353,2328,365,971
10480,E02000564,Islington 011,5004,1656,6247,409,4022,465,1351
10481,E02000565,Islington 012,3610,1278,3937,399,2257,358,923
10482,E02000566,Islington 013,3662,1751,4896,531,2807,374,1184
10483,E02000567,Islington 014,4937,1966,5851,522,3314,485,1530
10484,E02000568,Islington 015,4063,955,3963,299,2229,400,1035
10485,E02000569,Islington 016,4745,1876,5154,430,2977,444,1303
10486,E02000570,Islington 017,4119,1989,5336,617,2579,408,1732
10487,E02000571,Islington 018,3777,1352,4044,337,2053,327,1327
10488,E02000572,Islington 019,3490,864,3364,284,1773,293,1014
10489,E02000573,Islington 020,4204,1945,5266,599,2517,306,1844
10490,E02000574,Islington 021,3840,1460,4514,485,2046,296,1687
10491,E02000575,Islington 022,5583,2063,6199,652,2309,321,2917
10492,E02000576,Islington 023,4322,1317,4316,416,1687,299,1914
10493,E02000577,Kensington and Chelsea 001,3163,626,2876,299,1486,430,661
10494,E02000578,Kensington and Chelsea 002,2454,587,2271,232,1152,385,502
10495,E02000579,Kensington and Chelsea 003,4013,1465,4414,662,2086,678,988
10496,E02000580,Kensington and Chelsea 004,4517,1474,4737,688,2455,520,1074
10497,E02000581,Kensington and Chelsea 005,3311,801,2920,310,1501,403,706
10498,E02000582,Kensington and Chelsea 006,3946,1780,4505,741,2517,386,861
10499,E02000583,Kensington and Chelsea 007,3496,1779,4015,785,1963,457,810
10500,E02000584,Kensington and Chelsea 008,3922,2166,4527,916,2284,439,888
10501,E02000585,Kensington and Chelsea 009,3919,1908,4310,871,2058,595,786
10502,E02000586,Kensington and Chelsea 010,3729,2042,4076,809,1876,481,910
10503,E02000587,Kensington and Chelsea 011,3536,1907,3818,763,1877,409,769
10504,E02000588,Kensington and Chelsea 012,4458,2348,4665,1020,1930,461,1254
10505,E02000589,Kensington and Chelsea 013,4422,1860,4412,672,2466,446,828
10506,E02000590,Kensington and Chelsea 014,3890,1439,3493,557,1744,364,828
10507,E02000591,Kensington and Chelsea 015,3589,1193,3623,486,2143,343,651
10508,E02000592,Kensington and Chelsea 016,3583,1853,3849,654,2106,366,723
10509,E02000593,Kensington and Chelsea 017,4067,1799,4447,672,2526,468,781
10510,E02000594,Kensington and Chelsea 018,3710,2054,3912,856,1637,483,936
10511,E02000595,Kensington and Chelsea 019,3747,1946,3954,764,1703,521,966
10512,E02000596,Kensington and Chelsea 020,3605,2043,4271,722,1955,575,1019
10513,E02000597,Kensington and Chelsea 021,3459,1208,3291,489,1586,457,759
10514,E02000598,Kingston upon Thames 001,3001,1775,3937,563,1183,1425,766
10515,E02000599,Kingston upon Thames 002,2368,1369,3182,574,1039,1189,380
10516,E02000600,Kingston upon Thames 003,3354,1820,4215,604,1721,1060,830
10517,E02000601,Kingston upon Thames 004,4245,2398,5523,667,2181,1429,1246
10518,E02000602,Kingston upon Thames 005,3997,1635,4724,455,1755,1224,1290
10519,E02000603,Kingston upon Thames 006,2798,1143,3712,350,1231,1293,838
10520,E02000604,Kingston upon Thames 007,3343,1646,4348,444,1894,1290,720
10521,E02000605,Kingston upon Thames 008,3013,1548,3937,470,1449,1386,632
10522,E02000606,Kingston upon Thames 009,4799,2616,5810,601,2560,1405,1244
10523,E02000607,Kingston upon Thames 010,2497,1424,3420,354,1264,1062,740
10524,E02000608,Kingston upon Thames 011,3182,1662,4116,465,2095,952,604
10525,E02000609,Kingston upon Thames 012,2741,1230,3431,411,1040,1563,417
10526,E02000610,Kingston upon Thames 013,3785,1796,4266,447,1966,1155,698
10527,E02000611,Kingston upon Thames 014,2649,1424,3656,445,996,1671,544
10528,E02000612,Kingston upon Thames 015,3051,1635,4119,480,1429,1734,476
10529,E02000613,Kingston upon Thames 016,3174,1742,4195,462,1610,1498,625
10530,E02000614,Kingston upon Thames 017,3072,1323,4290,334,1314,1907,735
10531,E02000615,Kingston upon Thames 018,2916,1344,3927,348,961,2012,606
10532,E02000616,Kingston upon Thames 019,2363,1192,3341,250,737,1901,453
10533,E02000617,Kingston upon Thames 020,3291,1453,4285,370,1045,2298,572
10534,E02000619,Lambeth 002,3743,1279,4006,367,2119,347,1173
10535,E02000620,Lambeth 003,4398,1641,5318,460,2976,381,1501
10536,E02000621,Lambeth 004,5083,1998,6284,492,3938,433,1421
10537,E02000622,Lambeth 005,3482,1438,4831,389,3024,363,1055
10538,E02000623,Lambeth 006,3409,1048,4027,286,2545,426,770
10539,E02000624,Lambeth 007,3500,1206,4186,285,2767,380,754
10540,E02000625,Lambeth 008,3383,969,4102,240,2749,403,710
10541,E02000626,Lambeth 009,3443,881,3586,279,2188,401,718
10542,E02000627,Lambeth 010,4042,1471,5573,395,3852,409,917
10543,E02000628,Lambeth 011,3972,1034,4579,325,3145,412,697
10544,E02000629,Lambeth 012,3973,1797,5928,467,4036,485,940
10545,E02000630,Lambeth 013,3336,1638,4715,453,3086,379,797
10546,E02000631,Lambeth 014,3723,1727,4995,472,2759,545,1219
10547,E02000632,Lambeth 015,4148,2061,6872,434,4876,482,1080
10548,E02000633,Lambeth 016,3872,1374,4677,407,3068,353,849
10549,E02000634,Lambeth 017,3021,1173,4007,267,2805,342,593
10550,E02000635,Lambeth 018,4066,1772,5317,493,3313,495,1016
10551,E02000636,Lambeth 019,3076,1854,4945,534,3118,458,835
10552,E02000637,Lambeth 020,3935,1734,5541,440,3527,502,1072
10553,E02000638,Lambeth 021,4104,1527,5381,422,3485,604,870
10554,E02000639,Lambeth 022,3398,984,3954,273,2630,493,558
10555,E02000640,Lambeth 023,3785,2053,5517,405,3560,671,881
10556,E02000641,Lambeth 024,3442,976,3849,247,2500,553,549
10557,E02000642,Lambeth 025,4162,1885,4998,480,2978,718,822
10558,E02000643,Lambeth 026,3589,1539,4709,423,2993,657,636
10559,E02000644,Lambeth 027,3565,1557,4689,428,2787,788,686
10560,E02000645,Lambeth 028,3870,1773,4916,524,2879,766,747
10561,E02000646,Lambeth 029,3842,1733,5498,498,3407,865,728
10562,E02000647,Lambeth 030,3444,1522,4414,469,2383,936,626
10563,E02000648,Lambeth 031,3232,999,3186,262,1855,660,409
10564,E02000649,Lambeth 032,4887,1959,6398,560,4117,890,831
10565,E02000650,Lambeth 033,3233,1313,3706,368,2221,625,492
10566,E02000651,Lambeth 034,3492,1365,4528,446,2718,833,531
10567,E02000652,Lambeth 035,2527,901,3472,276,2027,831,338
10568,E02000653,Lewisham 001,3547,1153,4232,256,2775,585,616
10569,E02000654,Lewisham 002,3336,804,3349,237,2109,500,503
10570,E02000655,Lewisham 003,3366,1044,4085,258,2712,547,568
10571,E02000657,Lewisham 005,3776,1380,4874,444,3161,543,726
10572,E02000658,Lewisham 006,3538,1345,4415,471,2679,577,688
10573,E02000659,Lewisham 007,3284,1587,3932,401,2471,566,494
10574,E02000660,Lewisham 008,3659,1469,4842,448,3222,550,622
10575,E02000661,Lewisham 009,3139,1594,3663,363,2425,504,371
10576,E02000662,Lewisham 010,3317,1326,4259,393,2549,718,599
10577,E02000663,Lewisham 011,2903,1289,3879,366,2354,574,585
10578,E02000664,Lewisham 012,4452,1415,4983,381,3300,678,624
10579,E02000665,Lewisham 013,3504,1491,4335,321,2677,745,592
10580,E02000666,Lewisham 014,2859,1249,3725,358,2088,718,561
10581,E02000667,Lewisham 015,2595,1317,3489,319,1882,759,529
10582,E02000668,Lewisham 016,2816,1372,3499,331,1960,759,449
10583,E02000669,Lewisham 017,3270,1346,4074,307,2612,633,522
10584,E02000670,Lewisham 018,2748,909,2970,195,1688,688,399
10585,E02000671,Lewisham 019,3668,1677,4557,446,2733,801,577
10586,E02000672,Lewisham 020,3509,1218,4006,369,2333,801,503
10587,E02000673,Lewisham 021,3490,1759,4462,510,2589,798,565
10588,E02000674,Lewisham 022,3020,1283,3924,293,2003,1161,467
10589,E02000675,Lewisham 023,3419,1497,4202,316,1977,1410,499
10590,E02000676,Lewisham 024,3252,1512,4176,361,2313,937,565
10591,E02000677,Lewisham 025,2692,1094,3447,313,1727,986,421
10592,E02000678,Lewisham 026,2432,816,2601,172,1240,906,283
10593,E02000679,Lewisham 027,3455,1378,3945,360,2240,900,445
10594,E02000680,Lewisham 028,3016,1192,3257,302,1942,650,363
10595,E02000681,Lewisham 029,3268,1071,3594,243,1766,1102,483
10596,E02000682,Lewisham 030,3095,940,3328,252,1583,1116,377
10597,E02000683,Lewisham 031,2763,869,2740,204,1479,820,237
10598,E02000685,Lewisham 033,3357,1269,3659,318,2086,862,393
10599,E02000686,Lewisham 034,2839,796,2729,186,1428,760,355
10600,E02000687,Lewisham 035,3436,1406,3859,361,2183,860,455
10601,E02000689,Merton 001,3230,1804,4724,521,2738,825,640
10602,E02000690,Merton 002,2300,1498,2517,554,1027,603,333
10603,E02000691,Merton 003,2968,1773,4411,443,2670,656,642
10604,E02000692,Merton 004,3686,2221,4440,552,2733,646,509
10605,E02000693,Merton 005,3973,1914,5919,396,3637,956,930
10606,E02000694,Merton 006,3828,2174,5351,471,3317,817,746
10607,E02000695,Merton 007,2813,1093,4242,305,2244,1195,498
10608,E02000696,Merton 008,3185,1235,4399,278,2500,983,638
10609,E02000697,Merton 009,3577,2187,5334,489,3510,709,626
10610,E02000698,Merton 010,3146,1986,3979,591,1925,1013,450
10611,E02000699,Merton 011,3205,1975,4619,476,2649,882,612
10612,E02000700,Merton 012,3367,1130,4309,282,2346,981,700
10613,E02000701,Merton 013,3006,1017,3972,280,1967,1195,530
10614,E02000702,Merton 014,2964,983,3548,247,1715,1136,450
10615,E02000703,Merton 015,2961,1603,3985,483,1871,1053,578
10616,E02000704,Merton 016,3409,1658,4498,396,2438,1080,584
10617,E02000705,Merton 017,2836,1136,3966,311,1835,1412,408
10618,E02000706,Merton 018,3259,899,3801,221,1945,1033,602
10619,E02000707,Merton 019,2683,849,3302,219,1527,1208,348
10620,E02000708,Merton 020,3011,1584,4343,436,1935,1415,557
10621,E02000709,Merton 021,2874,1405,3981,398,1493,1539,551
10622,E02000710,Merton 022,3208,1094,3827,307,1770,1283,467
10623,E02000711,Merton 023,3140,1046,3866,361,1845,1126,534
10624,E02000712,Merton 024,3328,1124,4052,292,1676,1524,560
10625,E02000713,Merton 025,2800,1253,3984,300,1307,1850,527
10626,E02000714,Newham 001,2733,744,3758,215,2433,702,408
10627,E02000715,Newham 002,2234,416,2610,200,1537,601,272
10628,E02000716,Newham 003,2320,616,2953,217,1783,660,293
10629,E02000717,Newham 004,2400,508,3131,228,1974,635,294
10630,E02000718,Newham 005,2210,449,2277,142,1262,597,276
10631,E02000719,Newham 006,2937,756,3919,281,2554,643,441
10632,E02000720,Newham 007,2220,653,3260,280,1844,707,429
10633,E02000721,Newham 008,2737,553,3713,263,2229,752,469
10634,E02000722,Newham 009,2943,876,4209,246,2971,561,431
10635,E02000723,Newham 010,2737,562,4316,355,2577,843,541
10636,E02000724,Newham 011,2434,531,3618,258,2153,767,440
10637,E02000725,Newham 012,3671,1079,4871,293,3635,468,475
10638,E02000726,Newham 013,3666,1017,4895,274,3569,601,451
10639,E02000727,Newham 014,2251,448,3429,280,2142,556,451
10640,E02000728,Newham 015,2237,528,3393,235,2114,693,351
10641,E02000729,Newham 016,2207,608,3214,217,1992,641,364
10642,E02000730,Newham 017,2443,490,3646,291,2253,647,455
10643,E02000731,Newham 018,2825,569,4243,355,2713,714,461
10644,E02000732,Newham 019,2326,405,2771,207,1656,570,338
10645,E02000733,Newham 020,3465,909,4281,225,2980,700,376
10646,E02000734,Newham 021,2672,635,3227,191,2196,544,296
10647,E02000735,Newham 022,2355,491,3107,228,2088,492,299
10648,E02000736,Newham 023,2574,609,3178,242,1769,796,371
10649,E02000737,Newham 024,3068,808,3758,235,2126,906,491
10650,E02000738,Newham 025,2563,745,3612,234,2098,859,421
10651,E02000739,Newham 026,2286,499,3100,174,2063,545,318
10652,E02000740,Newham 027,2556,631,2961,188,2000,504,269
10653,E02000741,Newham 028,2767,718,3458,245,2085,716,412
10654,E02000742,Newham 029,2498,607,3115,216,1699,834,366
10655,E02000743,Newham 030,2893,548,3125,213,2016,601,295
10656,E02000744,Newham 031,2942,688,3344,198,2023,696,427
10657,E02000745,Newham 032,2782,765,3783,215,2184,968,416
10658,E02000746,Newham 033,2574,711,3162,234,1891,720,317
10659,E02000747,Newham 034,4371,1102,5396,312,3853,761,470
10660,E02000748,Newham 035,2230,677,2884,216,1641,714,313
10661,E02000749,Newham 036,3022,704,3282,196,1956,730,400
10662,E02000750,Newham 037,4370,1701,5788,395,3909,1000,484
10663,E02000751,Redbridge 001,4277,2297,5290,685,2141,1914,550
10664,E02000752,Redbridge 002,2864,786,2829,224,1104,1188,313
10665,E02000753,Redbridge 003,2420,856,2651,195,1112,1089,255
10666,E02000754,Redbridge 004,2607,1221,3277,298,1517,1135,327
10667,E02000755,Redbridge 005,2151,939,2598,219,968,1141,270
10668,E02000756,Redbridge 006,4966,1982,6115,585,2423,2537,570
10669,E02000757,Redbridge 007,4969,2520,6540,592,3219,2016,713
10670,E02000758,Redbridge 008,2159,793,2598,256,852,1220,270
10671,E02000759,Redbridge 009,4703,2163,6113,547,2819,2071,676
10672,E02000760,Redbridge 010,2613,907,3027,312,1169,1215,331
10673,E02000762,Redbridge 012,2087,839,2887,251,1245,1098,293
10674,E02000763,Redbridge 013,2385,853,3135,288,1416,1141,290
10675,E02000764,Redbridge 014,5435,2693,6464,597,3440,1839,588
10676,E02000765,Redbridge 015,2190,822,2834,241,1382,941,270
10677,E02000767,Redbridge 017,2620,985,3407,267,1589,1194,357
10678,E02000768,Redbridge 018,2240,1183,2944,286,1370,975,313
10679,E02000769,Redbridge 019,5160,2140,6473,472,2802,2455,744
10680,E02000770,Redbridge 020,2425,834,3204,255,1497,1113,339
10681,E02000772,Redbridge 022,2565,875,3245,254,1507,1089,395
10682,E02000773,Redbridge 023,2819,1033,3893,306,1801,1354,432
10683,E02000774,Redbridge 024,2208,685,2949,234,1394,997,324
10684,E02000776,Redbridge 026,2031,719,2682,229,1275,844,334
10685,E02000777,Redbridge 027,2365,1093,2957,311,1270,1030,346
10686,E02000779,Redbridge 029,2753,709,3206,260,1735,846,365
10687,E02000780,Redbridge 030,4443,1151,5564,464,2764,1625,711
10688,E02000781,Redbridge 031,4257,1544,5722,522,2379,2265,556
10689,E02000782,Redbridge 032,2851,668,3283,245,1773,880,385
10690,E02000783,Redbridge 033,2250,574,2437,201,1190,773,273
10691,E02000784,Richmond upon Thames 001,4296,2501,5177,975,2287,960,955
10692,E02000785,Richmond upon Thames 002,4304,2806,5324,891,2514,1132,787
10693,E02000786,Richmond upon Thames 003,4941,2940,6073,879,2951,1145,1098
10694,E02000787,Richmond upon Thames 004,4800,2608,5922,745,2674,1502,1001
10695,E02000788,Richmond upon Thames 005,3666,2282,4756,730,2044,1071,911
10696,E02000789,Richmond upon Thames 006,2966,1751,3402,550,1684,712,456
10697,E02000790,Richmond upon Thames 007,2609,1780,3556,520,1578,926,532
10698,E02000791,Richmond upon Thames 008,2986,1831,3520,671,1744,609,496
10699,E02000792,Richmond upon Thames 009,3209,1989,3969,634,1718,1016,601
10700,E02000793,Richmond upon Thames 010,3144,1558,4142,466,1270,1724,682
10701,E02000794,Richmond upon Thames 011,2660,1601,3673,429,1393,1217,634
10702,E02000795,Richmond upon Thames 012,2623,1631,3101,664,1008,874,555
10703,E02000796,Richmond upon Thames 013,3918,1620,4916,419,1455,2390,652
10704,E02000797,Richmond upon Thames 014,3273,2071,4415,551,1998,1127,739
10705,E02000798,Richmond upon Thames 015,4280,2387,5751,725,1880,2195,951
10706,E02000799,Richmond upon Thames 016,2418,1530,3412,484,1215,1108,605
10707,E02000800,Richmond upon Thames 017,2159,1013,2547,352,834,852,509
10708,E02000801,Richmond upon Thames 018,2880,1876,3743,520,1270,1209,744
10709,E02000802,Richmond upon Thames 019,2840,1655,3573,485,1081,1373,634
10710,E02000803,Richmond upon Thames 020,4086,1891,4688,462,1139,2363,724
10711,E02000804,Richmond upon Thames 021,3148,1881,3921,508,1514,1212,687
10712,E02000805,Richmond upon Thames 022,4455,2480,5111,718,1803,1632,958
10713,E02000806,Richmond upon Thames 023,4174,2323,5224,778,1533,2116,797
10714,E02000807,Southwark 001,3705,1898,5437,377,3559,618,883
10715,E02000808,Southwark 002,4167,1503,5362,454,2362,292,2254
10716,E02000809,Southwark 003,5936,2928,8332,611,3939,465,3317
10717,E02000810,Southwark 004,4137,1239,4729,315,2685,424,1305
10718,E02000812,Southwark 006,4385,1416,5329,384,2831,395,1719
10719,E02000813,Southwark 007,3746,1097,4208,340,2727,472,669
10720,E02000814,Southwark 008,3876,1794,5609,422,3546,555,1086
10721,E02000815,Southwark 009,2516,927,3511,290,1918,218,1085
10722,E02000816,Southwark 010,3959,1110,4418,330,2538,578,972
10723,E02000817,Southwark 011,2809,598,2768,215,1678,360,515
10724,E02000818,Southwark 012,3217,899,3651,282,2214,336,819
10725,E02000819,Southwark 013,3415,891,3819,252,2357,468,742
10726,E02000820,Southwark 014,3873,1130,4429,302,2757,353,1017
10727,E02000821,Southwark 015,3097,740,3510,256,2173,484,597
10728,E02000822,Southwark 016,3294,770,3629,236,2283,368,742
10729,E02000823,Southwark 017,3155,946,3903,294,2424,367,818
10730,E02000824,Southwark 018,3553,812,3874,315,2431,542,586
10731,E02000825,Southwark 019,3545,801,4027,246,2664,536,581
10732,E02000826,Southwark 020,3539,1061,4223,308,2558,486,871
10733,E02000827,Southwark 021,4304,1149,4853,360,3128,460,905
10734,E02000828,Southwark 022,3180,788,3696,286,2347,484,579
10735,E02000829,Southwark 023,4334,1175,4942,387,3103,652,800
10736,E02000830,Southwark 024,3783,1714,5009,516,2828,540,1125
10737,E02000831,Southwark 025,3918,1687,5041,495,2960,562,1024
10738,E02000832,Southwark 026,4106,1289,4536,365,2579,770,822
10739,E02000833,Southwark 027,2973,1188,3731,349,2206,471,705
10740,E02000834,Southwark 028,4198,2132,5650,543,3306,760,1041
10741,E02000835,Southwark 029,2930,1299,3656,352,1902,768,634
10742,E02000836,Southwark 030,3362,1902,4740,517,2637,703,883
10743,E02000837,Southwark 031,3300,2120,4710,663,2450,709,888
10744,E02000838,Southwark 032,3862,1951,5057,527,2737,909,884
10745,E02000839,Southwark 033,3381,1670,3919,491,2112,812,504
10746,E02000840,Sutton 001,3206,927,3728,200,1294,1664,570
10747,E02000841,Sutton 002,3335,1013,4053,293,1277,1753,730
10748,E02000842,Sutton 003,2879,1250,4036,316,1082,2033,605
10749,E02000843,Sutton 004,3271,1476,4157,253,1566,1756,582
10750,E02000844,Sutton 005,3117,1280,3923,286,1184,1857,596
10751,E02000845,Sutton 006,3472,1737,4827,399,1818,1949,661
10752,E02000846,Sutton 007,2708,1248,3568,314,1027,1651,576
10753,E02000847,Sutton 008,3489,1674,4531,426,1291,2197,617
10754,E02000848,Sutton 009,2886,1446,4182,359,1017,2170,636
10755,E02000849,Sutton 010,3099,1428,3913,330,1298,1762,523
10756,E02000850,Sutton 011,4037,1898,5411,439,1553,2642,777
10757,E02000851,Sutton 012,4098,1461,4319,321,1652,1540,806
10758,E02000852,Sutton 013,3136,1565,4150,342,1294,1794,720
10759,E02000853,Sutton 014,3164,1504,4097,345,1282,1789,681
10760,E02000854,Sutton 015,2932,1518,3850,421,1328,1525,576
10761,E02000855,Sutton 016,3035,1635,4019,461,1201,1796,561
10762,E02000856,Sutton 017,3486,1669,4432,439,1446,2004,543
10763,E02000857,Sutton 018,4004,1938,4405,400,1910,1434,661
10764,E02000858,Sutton 019,3139,965,3337,261,1073,1520,483
10765,E02000859,Sutton 020,3453,1590,3988,395,1289,1839,465
10766,E02000860,Sutton 021,3925,1626,4037,341,1648,1437,611
10767,E02000861,Sutton 022,2789,1693,3905,531,1139,1738,497
10768,E02000863,Sutton 024,2319,1207,3198,444,793,1647,314
10769,E02000864,Tower Hamlets 001,3468,967,3611,233,2038,484,856
10770,E02000865,Tower Hamlets 002,2763,817,3148,283,1745,336,784
10771,E02000866,Tower Hamlets 003,3829,1524,4997,397,2843,586,1171
10772,E02000867,Tower Hamlets 004,4307,1402,5524,342,3734,585,863
10773,E02000868,Tower Hamlets 005,2618,910,3511,310,1788,264,1149
10774,E02000869,Tower Hamlets 006,2485,848,2899,297,1226,221,1155
10775,E02000870,Tower Hamlets 007,2560,757,3087,248,1781,315,743
10776,E02000871,Tower Hamlets 008,3107,815,3345,245,2151,463,486
10777,E02000872,Tower Hamlets 009,3088,934,3887,367,1801,231,1488
10778,E02000873,Tower Hamlets 010,2792,779,3274,222,1893,351,808
10779,E02000874,Tower Hamlets 011,2494,582,2727,227,1543,319,638
10780,E02000875,Tower Hamlets 012,3437,885,3680,243,2297,530,610
10781,E02000876,Tower Hamlets 013,2750,795,3270,269,1853,253,895
10782,E02000877,Tower Hamlets 014,3252,805,3774,267,2361,515,631
10783,E02000878,Tower Hamlets 015,3900,1309,5113,476,2297,255,2085
10784,E02000879,Tower Hamlets 016,2855,754,3069,217,1680,378,794
10785,E02000880,Tower Hamlets 017,2090,526,2492,177,1304,248,763
10786,E02000881,Tower Hamlets 018,2379,529,2470,225,1394,429,422
10787,E02000882,Tower Hamlets 019,2884,700,3123,196,1729,497,701
10788,E02000883,Tower Hamlets 020,2880,591,2736,178,1622,430,506
10789,E02000884,Tower Hamlets 021,3707,1188,5092,351,2379,282,2080
10790,E02000885,Tower Hamlets 022,2509,488,2550,174,1400,301,675
10791,E02000886,Tower Hamlets 023,3185,1282,3945,259,2273,398,1015
10792,E02000887,Tower Hamlets 024,3165,741,3451,230,1982,495,744
10793,E02000888,Tower Hamlets 025,3306,1209,4074,296,2329,410,1039
10794,E02000889,Tower Hamlets 026,2879,1195,3710,253,1594,319,1544
10795,E02000890,Tower Hamlets 027,3093,1668,4042,368,1881,329,1464
10796,E02000891,Tower Hamlets 028,5742,2368,7350,532,4466,614,1738
10797,E02000893,Tower Hamlets 030,2912,1154,3435,240,2043,536,616
10798,E02000894,Tower Hamlets 031,4510,2200,6279,458,4066,669,1086
10799,E02000895,Waltham Forest 001,3271,1096,3403,374,1012,1650,367
10800,E02000896,Waltham Forest 002,3758,1692,4377,454,1688,1733,502
10801,E02000897,Waltham Forest 003,3345,1140,3564,272,1273,1534,485
10802,E02000898,Waltham Forest 004,3065,1131,3568,331,1179,1620,438
10803,E02000899,Waltham Forest 005,3090,1140,3835,294,1273,1767,501
10804,E02000900,Waltham Forest 006,2986,1015,3603,289,1259,1525,530
10805,E02000901,Waltham Forest 007,3553,1627,4810,447,1838,1880,645
10806,E02000902,Waltham Forest 008,3101,1069,3776,279,1552,1432,513
10807,E02000903,Waltham Forest 009,3179,903,3596,253,1849,1043,451
10808,E02000904,Waltham Forest 010,2900,1125,3933,306,1838,1258,531
10809,E02000905,Waltham Forest 011,3465,1387,4510,354,2395,1114,647
10810,E02000906,Waltham Forest 012,3507,1358,4362,318,2585,857,602
10811,E02000907,Waltham Forest 013,3885,1014,3900,367,2163,820,550
10812,E02000908,Waltham Forest 014,4348,1425,5492,365,3475,1083,569
10813,E02000909,Waltham Forest 015,3459,1427,4427,375,2385,991,676
10814,E02000910,Waltham Forest 016,4005,1407,5366,428,3351,912,675
10815,E02000911,Waltham Forest 017,4115,1313,5267,379,3306,947,635
10816,E02000912,Waltham Forest 018,3151,1031,4006,282,2193,967,564
10817,E02000913,Waltham Forest 019,2968,1021,4022,309,2099,995,619
10818,E02000914,Waltham Forest 020,3689,856,4424,278,2606,882,658
10819,E02000915,Waltham Forest 021,3305,1274,4478,333,2716,956,473
10820,E02000916,Waltham Forest 022,3506,1100,4297,285,2441,954,617
10821,E02000917,Waltham Forest 023,3396,1252,4573,286,2841,894,552
10822,E02000918,Waltham Forest 024,3449,1166,4668,373,2836,935,524
10823,E02000919,Waltham Forest 025,3225,1069,4817,294,3086,924,513
10824,E02000920,Waltham Forest 026,3434,906,4456,268,2817,877,494
10825,E02000921,Waltham Forest 027,3966,1063,4856,296,3128,927,505
10826,E02000922,Waltham Forest 028,3740,1210,5075,381,3051,1066,577
10827,E02000923,Wandsworth 001,3632,1980,4694,600,2289,477,1328
10828,E02000924,Wandsworth 002,5295,1721,6344,494,3891,685,1274
10829,E02000925,Wandsworth 003,3412,1261,3952,347,2162,468,975
10830,E02000926,Wandsworth 004,4283,2087,5814,612,3132,775,1295
10831,E02000927,Wandsworth 005,3228,1481,4183,308,2529,484,862
10832,E02000928,Wandsworth 006,3635,2324,5154,646,2751,700,1057
10833,E02000929,Wandsworth 007,3201,938,3398,228,2178,400,592
10834,E02000930,Wandsworth 008,4382,2437,6865,529,4677,560,1099
10835,E02000931,Wandsworth 009,3532,2351,5756,549,3730,480,997
10836,E02000932,Wandsworth 010,4777,2928,7405,748,4627,783,1247
10837,E02000933,Wandsworth 011,3872,2172,5195,597,2930,831,837
10838,E02000934,Wandsworth 012,4325,2440,6450,523,4305,622,1000
10839,E02000935,Wandsworth 013,2468,650,2770,224,1498,532,516
10840,E02000936,Wandsworth 014,4057,2124,5337,475,3450,611,801
10841,E02000937,Wandsworth 015,3130,2067,4587,553,2616,567,851
10842,E02000938,Wandsworth 016,4032,1650,4608,423,2471,897,817
10843,E02000939,Wandsworth 017,2915,1940,4255,555,2413,503,784
10844,E02000940,Wandsworth 018,3494,1452,4533,367,2674,622,870
10845,E02000941,Wandsworth 019,4125,2528,5950,629,3157,947,1217
10846,E02000942,Wandsworth 020,3794,2320,5665,657,3171,939,898
10847,E02000943,Wandsworth 021,3708,2138,5555,529,3749,455,822
10848,E02000944,Wandsworth 022,2856,1052,3667,310,2109,709,539
10849,E02000945,Wandsworth 023,2764,865,3433,298,1958,682,495
10850,E02000946,Wandsworth 024,3172,1630,4778,392,2900,726,760
10851,E02000947,Wandsworth 025,3820,2460,5639,536,3374,834,895
10852,E02000948,Wandsworth 026,4493,2640,6794,484,4712,707,891
10853,E02000949,Wandsworth 027,4072,2460,6029,681,3632,736,980
10854,E02000950,Wandsworth 028,3233,1623,4295,453,2370,814,658
10855,E02000951,Wandsworth 029,2946,1476,4089,373,2664,458,594
10856,E02000952,Wandsworth 030,2644,1288,3715,312,2421,426,556
10857,E02000953,Wandsworth 031,3113,1605,4438,331,2652,607,848
10858,E02000954,Wandsworth 032,2299,1134,3458,333,2027,534,564
10859,E02000955,Wandsworth 033,2527,979,3187,260,1846,501,580
10860,E02000956,Wandsworth 034,3066,1150,3938,295,2354,524,765
10861,E02000957,Wandsworth 035,4238,1860,5876,456,3609,814,997
10862,E02000958,Wandsworth 036,2973,1356,4036,441,1902,916,777
10863,E02000959,Wandsworth 037,2980,1192,3597,315,2050,727,505
10864,E02000960,Westminster 001,3055,1468,3198,578,1572,393,655
10865,E02000961,Westminster 002,4064,1730,4349,684,2437,562,666
10866,E02000962,Westminster 003,4424,1677,3856,537,2203,447,669
10867,E02000963,Westminster 004,4141,1026,4182,387,2404,593,798
10868,E02000964,Westminster 005,5638,1695,5807,595,3464,662,1086
10869,E02000965,Westminster 006,3981,1900,5133,592,3117,489,935
10870,E02000966,Westminster 007,4714,2325,5579,736,3202,604,1037
10871,E02000967,Westminster 008,3653,1813,4015,573,2083,275,1084
10872,E02000968,Westminster 009,5713,1016,4752,412,2570,475,1295
10873,E02000969,Westminster 010,3719,821,3497,300,2007,372,818
10874,E02000970,Westminster 011,4874,2553,5553,1110,2007,392,2044
10875,E02000971,Westminster 012,4354,1812,4612,724,2132,340,1416
10876,E02000972,Westminster 013,4503,1563,5018,958,1781,231,2048
10877,E02000973,Westminster 014,5312,2156,5972,807,3426,499,1240
10878,E02000974,Westminster 015,4380,1618,4135,758,1851,383,1143
10879,E02000975,Westminster 016,4621,1816,5384,676,3103,327,1278
10880,E02000976,Westminster 017,5041,1868,5633,748,3359,392,1134
10881,E02000977,Westminster 018,3895,1588,4503,970,1381,255,1897
10882,E02000978,Westminster 019,3882,2382,4343,1223,1287,447,1386
10883,E02000979,Westminster 020,3892,1833,4382,655,1971,245,1511
10884,E02000980,Westminster 021,4498,1622,4542,462,2226,346,1508
10885,E02000981,Westminster 022,4853,2205,5694,645,2833,353,1863
10886,E02000982,Westminster 023,4143,1421,4042,466,2040,382,1154
10887,E02000983,Westminster 024,4422,1599,4337,465,2287,312,1273
16577,E02006782,Bromley 040,3091,1302,3516,339,1353,1402,422
16578,E02006783,Lewisham 037,2893,834,2891,168,1348,1004,371
16579,E02006784,Lewisham 038,3168,920,3055,247,1433,1042,333
16580,E02006785,Bexley 029,2567,950,2970,172,1178,1293,327
16581,E02006786,Greenwich 033,2599,902,3046,256,1392,1078,320
16582,E02006787,Bromley 041,3034,1590,3937,395,1765,1297,480
16583,E02006788,Croydon 045,2903,1137,3439,249,1691,1120,379
16584,E02006789,Bromley 042,2662,1245,3141,539,565,1739,298
16586,E02006791,Ealing 040,3068,1580,4006,432,2068,797,709
16587,E02006792,Hounslow 029,4035,2011,5014,603,2561,997,853
16588,E02006793,Enfield 037,3356,686,3241,212,1488,1069,472
16589,E02006794,Haringey 037,2911,573,2561,191,1536,517,317
16590,E02006795,Harrow 032,2639,1110,3917,318,1648,1617,334
16591,E02006796,Hillingdon 033,3321,1387,4297,317,1411,2089,480
16592,E02006798,Lewisham 039,3210,902,3533,239,2306,482,506
16593,E02006799,Barking and Dagenham 023,3624,1036,3860,246,1573,1563,478
16594,E02006800,Redbridge 034,4170,1355,5511,418,2677,1808,608
16595,E02006801,Lambeth 036,3840,1633,4501,473,2129,273,1626
16596,E02006802,Southwark 034,2867,966,3687,328,1886,249,1224
16630,E02006836,Sutton 025,3195,1888,4141,566,1182,1925,468
16647,E02006853,Tower Hamlets 032,3320,1102,3837,241,2158,339,1099
16648,E02006854,Tower Hamlets 033,2991,1320,3742,290,1939,252,1261
16676,E02006882,Harrow 033,4342,1726,7134,551,2715,3096,772
16712,E02006918,Hackney 028,3113,728,3112,266,1750,492,604
16715,E02006921,Hackney 029,2909,684,2722,235,1430,381,676
16717,E02006924,Redbridge 035,4020,1520,5522,531,2442,2003,546
16718,E02006925,Redbridge 036,4102,1683,6005,638,2291,2514,562
16720,E02006927,Greenwich 034,3338,1434,3689,339,1873,1048,429
16721,E02006928,Greenwich 035,2977,1207,3628,261,2414,416,537
16722,E02006929,Greenwich 036,3333,1242,4010,287,2671,532,520
16723,E02006930,Greenwich 037,2876,1466,3928,372,2458,533,565
16724,E02006931,Greenwich 038,4113,2032,5073,487,3262,632,692